DUID,Owner,Number of Units,Nameplate Capacity (MW)
,FIrm Power P/L,1.0,168
ADPPV3,South Australian Water Corporation,1.0,0.02
ADPMH1,South Australian Water Corporation,1.0,1
ADPPV2,South Australian Water Corporation,5.0,13.75
ADPBA1,South Australian Water Corporation,1.0,7.76
ADPPV1,South Australian Water Corporation,4.0,11
,Synergy Wind Pty Ltd,34.0,122.4
,Acciona Energy Australia Global,1.0,200.00 - 400.00
ALDGASF1,Acciona Energy Australia Global Pty Ltd,157.0,387.01
,Ausnet Transmission Group Pty Ltd,1.0,100
ANGAST1,Snowy Hydro Ltd,1.0,15.4
ANGAST1,Snowy Hydro Ltd,1.0,30.8
APPIN,EDL CSM NSW Pty Ltd,54.0,55.62
, ACENergy Pty Ltd ,1.0,120
,ACEN Australia Pty Ltd,1.0,200
,Aramara Solar Pty Ltd,1.0,101.4
ARWF1,Ararat Wind Farm Pty Ltd,75.0,240
,Ardandra SF Pty Ltd as trustee for Ardandra SF Trust,28.0,96.99
,Ardandra SF Pty Ltd as trustee for Ardandra SF Trust,22.0,75.02
,RES Australia Pty Ltd,85.0,612
,Argyle Solar Farm Pty Ltd,1.0,59.8
,VALENT ENERGY DEVELOPMENTS PTY LTD,1.0,150
,Eku Energy Projects (Australia) Trust,1.0,300
,Augusta BESS Pty Ltd,1.0,270
,SiliconAurora,1.0,140
,Gree,1.0,200
AVLSF1,Iberdrola Australia Limited,70.0,254.1
,firmpower_NR,1.0,67.2
,UPC Renewables Australia,1.0,50
,UPC Renewables Australia,1.0,140
BDL01,Alinta DEBO,1.0,47
BDL02,Alinta DEBO,1.0,47
,Bison Energy,1.0,65
, Solar Projects Australia Pty Ltd,1.0,400
,MMT Projects T/A Renewable Projects Management,1.0,300
, Solar Projects Australia Pty Ltd,1.0,250
,MMT Projects T/A Renewable Projects Management,1.0,300
BAKING1,Chinchilla Solar Pty Ltd,1.0,14.7
BALDHWF1,Bald Hills Wind Farm Pty Ltd,52.0,106.6
,Baldon Wind Farm Pty Ltd,45.0,360
,Baldon Wind Farm Pty Ltd,130.0,1040
,Baldon Wind Farm Pty Ltd,125.0,500
BBASEHOS,Ballarat Health Services,2.0,1.6
BALB1,Ausnet Transmission Group Pty Ltd,1.0,30
,Orange Creek Energy Pty Ltd,38.0,228
,Orange Creek Energy Pty Ltd,54.0,324
BANGOWF1,BWF Nominees Pty Ltd as trustee for the BWF Trust,30.0,159
BANGOWF2,BWF Nominees Pty Ltd as trustee for the BWF Trust,16.0,84.8
BAPS,AGL Hydro Partnership,1.0,2.2
BAPS,AGL Hydro Partnership,1.0,10
,Venn Energy Pty / Banksia Solar Project Pty Ltd,16.0,70.4
,Penso Power Australia Pty Ltd.,1.0,700
BANN1,Foresight Solar Australia Pty Ltd,40.0,100
BEER01, Birdwood Energy Reserve Pty Ltd (ACN 658 507 441) as Trustee for Birdwood Energy Reserve Trust,124.0,544.36
BARCALDN,Ergon Energy Queensland Pty Ltd,1.0,37
BARCSF1,Barcaldine Remote Community Solar Farm Pty Ltd,1.0,20
BARKIPS1,AGL Barker Inlet Pty Ltd,12.0,210
,AGL Energy Limited,1.0,280
,Barn HIll Wind Farm Pty Ltd,62.0,124.00 - 186.00
,AGL Energy Limited,1.0,270
,Barnawartha Solar Pty Ltd,22.0,64.02
,Barnawartha Solar Pty Ltd,22.0,64.02
,ACEN Renewables,2.0,250
BARRON-1,CleanCo Queensland Limited,1.0,35
BARRON-2,CleanCo Queensland Limited,1.0,35
,Elgin Energy Pty Ltd,1.0,250
,Elgin Energy Pty Ltd,1.0,250
,Goldwind Australia,59.0,460.2
, Nexsphere Pty Ltd,1.0,500
BASTYAN,Hydro-Electric Corporation,1.0,79.9
,Hydro Tasmania,4.0,750
,Hydro Tasmania,4.0,750
BW01,AGL Macquarie Pty Limited,1.0,660
BW02,AGL Macquarie Pty Limited,1.0,685
BW03,AGL Macquarie Pty Limited,1.0,685
BW04,AGL Macquarie Pty Limited,1.0,685
,Jinko Power Australia P/L,1.0,600
,Jinko Power Australia P/L,1.0,600
,Darling Downs Solar Farm Pty Ltd,1.0,200
, Vena Energy Services (Australia) Pty Ltd,1.0,408
, Vena Energy Services (Australia) Pty Ltd,49.0,166.11
BBTHREE1,AETV Pty Ltd,1.0,40
BBTHREE2,AETV Pty Ltd,1.0,40
BBTHREE3,AETV Pty Ltd,1.0,40
,Vena Energy,1.0,408
,The Trustee for Equis Wind (Australia) LHWF2 Asset Trust,28.0,224
,Tetris Energy,1.0,200
,Athena Energy Australia (Holdings) Pty Ltd,1.0,218
,Athena Energy Australia (Holdings) Pty Ltd,1.0,100
,Athena Energy Australia (Holdings) Pty Ltd,1.0,380
,Aries Energy Project Pty Ltd in its capacity as Trustee for the Aries Energy Project Trust,1.0,100
,firmpower_NR,1.0,225.6
,Global Power Generation Australia Pty Ltd,1.0,60
BRYB2WF2,Berrbank Development Pty ltd,26.0,109.2
BRYB1WF1,Berrbank Development Pty ltd,43.0,180.6
,Ratch-Australia Corporation,20.0,100
BERYLSF1,FS NSW Project No 1 AT Pty Ltd as trustee of FS NSW Project No 1 Asset Trust,60.0,98.4
,BESS Finley P/L,40.0,200
,BE Power,1.0,800
,BE Power,2.0,400
BIRKBESS, FRV Services Australia Pty Ltd,57.0,199.5
,FIrm Power P/L,1.0,331.2
,FIrm Power P/L,1.0,331.2
, BESS Officer Pty Ltd,1.0,100
,Blackwater Project Nominees Pty Ltd as trustee for the Blackwater Project Trust,68.0,199.99
,Blackwater Project Nominees Pty Ltd as trustee for the Blackwater Project Trust,52.0,169.99
,TerraCom Ltd,1.0,60
,Blanche BESS Pty Ltd as trustee for Blanche BESS Trust,1.0,128
, Gatton Solar Farm Pty Ltd,1.0,29.25
, Gatton Solar Farm Pty Ltd,1.0,106
,Ms BCSF Holdings Pty Ltd as trustee for the Blind Creek Solar Farm Trust,90.0,378
,Ms BCSF Holdings Pty Ltd as trustee for the Blind Creek Solar Farm Trust,90.0,378
BLOWERNG,Snowy Hydro Ltd,1.0,80
,Arup Australia Pty Ltd,1.0,1819
BLUEGSF1,X-Elio Australia Pty Ltd,1.0,148
BLYTHB1,Blyth Battery P/L as trustee for Blyth Battery Trust,64.0,200
BOCORWF1,South Pacific Power Pty Ltd,9.0,14.4
BOCORWF1,South Pacific Power Pty Ltd,58.0,98.6
BOCOROC2,South Pacific Power Pty Ltd,15.0,79.5
BODWF1,Bodangora Wind Farm Pty Ltd,33.0,113.19
,RES Australia Pty Ltd,1.0,530
,Photon Energy,1.0,9.8
MCKAY1,AGL Hydro Partnership,2.0,140
MCKAY1,AGL Hydro Partnership,6.0,160.02
,Hanwha Energy Australia Pty Ltd,65.0,260
BOLIVPS1,Iberdrola Australia Energy Markets Pty Limited,4.0,128.4
BOLIVAR1,South Australian Water Corporation,3.0,7.5
BOWWBA1,South Australian Water Corporation,1.0,3.08
BOWWPV1,South Australian Water Corporation,3.0,8.25
BOMENSF1,Spark Infrastructure Holdings No. 6 Pty Limited,44.0,121
,Barathrum Energy Pty Ltd,1.0,70
,GAIA Australia Pty Ltd,1.0,100
,Bookaar Renewables Pty ltd ,1.0,230
,Boomer Green Energy Hub Pty Ltd (a subsidiary of the Ark Energy Group),152.0,1185.6
,ARK Energy Corporation Pty Ltd,1.0,800
,Venn Energy Pty Ltd,41.0,180.4
,Queensland Hydro,6.0,1998
,Boulder Creek Wind Farm Pty Ltd as trustee for BCWF Unit Trust ABN and BCWF 2 Pty Limited ,38.0,221.01
BBATTERY1,Genex Power Limited,40.0,50
,Genex Power Limited,40.0,50
,Bouldercombe North BESS Pty Ltd,1.0,400
,The Trustee for X-ELIO BOULKA PARK TRUST,1.0,250
,The Trustee for X-ELIO BOULKA PARK TRUST,1.0,100
,Bowen Basin Sun Farm Pty Ltd,1.0,130
, Blue Hydro Project Pty Ltd,1.0,750
,ARK Energy Corporation Pty Ltd,56.0,346.64
,TE H2 Australia,58.0,199.52
,TE H2 Australia,144.0,500.11
BRAEMAR1,Braemar Power Project Pty Ltd,1.0,188
BRAEMAR2,Braemar Power Project Pty Ltd,1.0,188
BRAEMAR3,Braemar Power Project Pty Ltd,1.0,188
BRAEMAR5,NewGen Braemar 2 Partnership comprising Arrow Braemar 2 Pty Ltd and Arrow Southern Generation Pty Ltd,1.0,173
BRAEMAR6,NewGen Braemar 2 Partnership comprising Arrow Braemar 2 Pty Ltd and Arrow Southern Generation Pty Ltd,1.0,173
BRAEMAR7,NewGen Braemar 2 Partnership comprising Arrow Braemar 2 Pty Ltd and Arrow Southern Generation Pty Ltd,1.0,173
,Libra Energy Pty Ltd,1.0,212
,Libra Energy Pty Ltd,1.0,212
,Libra Energy Pty Ltd,1.0,212
,Libra Energy Pty Ltd,1.0,212
,Brendale Battery ProjectCo Pty Lt,112.0,204.96
,Photon Energy,1.0,Zero Capacity Or None Specified
,ACEN Renewables,1.0,300
,CSE H2 Pty Ltd,1.0,400
,Brinkworth Solar Farm Pty Ltd,58.0,249.98
,Broadsound Solar Farm Pty Ltd,92.0,368
,Broadsound Solar Farm Pty Ltd,100.0,240
BWTR1,Cape Byron Management PTY LTD,1.0,38
,BSR EPC Pty Limited,1.0,173
BHB1,MACQGEN,1.0,50
GB01,Transgrid,1.0,50
BROKENH1,PARF Company 6 Pty Limited,40.0,53
BROOKLYN,EDL LFG Vic Pty Ltd,1.0,2.83
BROWNMT,Cochrane Dam Pty Ltd,1.0,5
BPLANDF1,EDL LFG (Qld) Pty Ltd,1.0,1.03
BPLANDF1,EDL LFG (Qld) Pty Ltd,1.0,1.15
BULBES1,Bulgana Wind Farm Pty Ltd,40.0,20
BULGANA1,Bulgana Wind Farm Pty Ltd,56.0,204.4
,Bullawah Wind Farm Pty Ltd,55.0,313.5
,Genex Power Limited,1.0,400
,Bulli Creek Hybrid Nominee Pty Ltd on behalf of Bulli Creek Hybrid Trust,1.0,450
,Genex Power Limited,135.0,675
,Genex Power Limited,205.0,1025
,Bulli Creek Hybrid Nominee Pty Ltd on behalf of Bulli Creek Hybrid Trust,1.0,450
,EE Solar 9 Pty Ltd as trustee for the EE Solar 9 Trust,1.0,97
,Bundaberg Renewable Energy Park,1.0,500
,Bundaberg Development Pty Ltd,1.0,78
,Genaspi Energy Group Pty Ltd,1.0,300
,Genaspi Energy Group Pty Ltd,1.0,300
,Genaspi Energy Group Pty Ltd,1.0,600
,Genaspi Energy Group Pty Ltd,1.0,475
,Syn-Co Global,1.0,250
,SynCo Global,1.0,250
, Windlab Developments Pty Ltd,175.0,1400
BNGSF1,Bungala One Operations Pty Ltd as trustee for the Bungala One Operations Trust,54.0,135
BNGSF2,Bungala Two Operations Pty Ltd as trustee for the Bungala Two Operations Trust,54.0,135
,Bungama Bess Trust,1.0,200
,Bungama Project (Solar) Operations Pty Ltd,1.0,150
,Bungama Project (Solar) Operations Pty Ltd,74.0,280.02
,Pacific Hydro,1.0,296
,Pacific Hydro,1.0,7
,BURDEKIN SOLAR FARM PTY LTD ATF BURDEKIN GENESIS PROJECT TRUST,139.0,500.4
,BURDEKIN SOLAR FARM PTY LTD ATF BURDEKIN GENESIS PROJECT TRUST,1.0,3.6
,Burgmanns BESS Pty Ltd,1.0,200
,BESS Clyde North Pty Ltd,1.0,300
,Iberdrola Australia Development Pty Limited,1.0,360
BDONGHYD,AGL Hydro Partnership,1.0,19
,ARK Energy Corporation Pty Ltd,70.0,434
BURRIN,GSP Energy Pty Ltd,1.0,20
BURRIN,GSP Energy Pty Ltd,2.0,14
,SynCo Global,71.0,300.33
BUTLERSG,Hydro-Electric Corporation,1.0,2.2
BUTLERSG,Hydro-Electric Corporation,1.0,12.2
,EquisEquis Energy (Australia) Projects (Ngumi 4) Pty Ltd,1.0,150
,EquisEquis Energy (Australia) Projects (Ngumi 4) Pty Ltd,1.0,150
CALL_B_1,CS Energy,1.0,350
CALL_B_2,CS Energy,1.0,350
CPP_3,Joint Venture; Callide Energy Pty Ltd and IG Power (Callide) Ltd. ,1.0,424
CPP_4,Joint Venture; Callide Energy Pty Ltd and IG Power (Callide) Ltd. ,1.0,420
,CSE BESS P/L,1.0,200
,CSE H2 Pty Ltd,1.0,750
,Edify Energy Pty Ltd,1.0,200
,Edify Energy Pty Ltd,1.0,210
,DP Green Energy Pty Limited,68.0,421.6
,ekuenergy_nr,1.0,300
,Lightsource BP,1.0,500
,Lightsource BP,1.0,500
,4067 Pyramid Development Pty Ltd,1.0,205
,Camperdown BESS Pty Ltd,1.0,75
CNUNDAWF,Canunda Power Pty Ltd,23.0,46
,X-Elio Australia Pty Ltd,1.0,300
,NeuGen Technology P/L,1.0,1995
,Capital Wind Farm 2 Pty Ltd,32.0,70.40 - 134.40
CAPBES1,Capital Battery Pty Ltd,33.0,100.32
CESF1,IBERDROLA AUSTRALIA HOLDINGS PTY LIMITED,4.0,2
CAPTL_WF,Renewable Power Ventures Pty Ltd,67.0,140.7
,ENEL Green Power Australia,160.0,704
,Eungella PHES Pty Ltd ATF Eungella PHES Trust,1.0,750
,vestas_NR,35.0,217
,Enerparc Australia Pty Ltd,4.0,16
,Georgetown Hills Renewable Energy Pty Ltd as trustee for the Georgetown Hills Renewable Energy Trust,128.0,118.02
,Georgetown Hills Renewable Energy Pty Ltd as trustee for the Georgetown Hills Renewable Energy Trust,42.0,247
,Canadian Solar,1.0,30
,Canadian Solar (Australia) Pty Ltd,1.0,150
,Canadian Solar (Australia) Pty Ltd,1.0,150
LI_WY_CA,Hydro-Electric Corporation,1.0,24
LI_WY_CA,Hydro-Electric Corporation,1.0,27
LI_WY_CA,Hydro-Electric Corporation,1.0,31.5
LI_WY_CA,Hydro-Electric Corporation,2.0,55.8
LI_WY_CA,Hydro-Electric Corporation,3.0,38.4
CATHROCK,JV Cathedral Rock Investments Pty Ltd  - Acciona Energy Australia Global Pty Ltd and EnergyAustralia Pty Ltd,31.0,62
,RWE Renewables Australia Pty Ltd,1.0,200
,RWE Renewables Australia Pty Ltd,140.0,798
CTHLWF1,Wild Cattle Hill Pty Ltd,45.0,144
,Tetris Energy,1.0,25
,Tetris Energy,1.0,200
,Tetris Energy,1.0,400
,Macleay Ventures Pty Ltd.,57.0,399
, ATCO Australia Pumped Hydro Pty Ltd,1.0,325
CETHANA,Hydro-Electric Corporation,1.0,85
,Hydro-Electric Corporation,4.0,750
CHALLHWF,Pacific Hydro Challicum Hills Pty Ltd,35.0,52.5
,juwi Renewable Energy Pty Ltd,30.0,98.01
CHPSTWF1,Chepstowe Wind Farm Pty Ltd,3.0,6.15
CHYTWF1,Cherry Tree Wind Farm Pty Limited A.T.F. Cherry Tree Project Trust,16.0,57.6
CHILDSF1,Childers Solar Pty Ltd as trustee for the Childers Solar Trust,37.0,64.38
CHBESS1,CSE BESS Pty Ltd,1.0,100
,First Solar Australia Pty Ltd,69.0,113.16
,Benedict Indistries P/L,1.0,8
CBWWPV1,South Australian Water Corporation,1.0,3
CBWWBA1,South Australian Water Corporation,1.0,2.16
,Sun Spot 9 Pty Ltd,84.0,288.12
CLARESF1,Clare Asset Co Pty Ltd ATF Clare Asset Trust,69.0,110.4
,Isaac Wind and Solar Energy Pty Ltd,1.0,Zero Capacity Or None Specified
CLRKCWF2,Squadron Energy Services Pty Ltd,23.0,103.5
CLRKCWF1,Squadron Energy Services Pty Ltd,77.0,346.5
,Squadron Energy Services Pty Ltd,87.0,696
CLAYTON,EDL LFG Vic Pty Ltd,12.0,12
,Pacific Hydro Clements Gap Pty Ltd,1.0,60
CLEMGPWF,Pacific Hydro Clements Gap Pty Ltd,27.0,56.7
CLERMSF1,Clermont Asset Co Pty Ltd as Trustee for Clerrmont Solar Unit Trust,37.0,92.5
CLOVER,AGL Hydro Partnership,2.0,29
CLUNY,Hydro-Electric Corporation,1.0,19
,Pacific Partnerships,217.0,520.8
,pacificp_NR,186.0,818.4
,Cobden BESS Pty Ltd,1.0,60
CODRNGTON,Energy Pacific (Vic) Pty Ltd,14.0,18.2
COHUNSF1,Cohuna Solar Farm Pty Ltd as trustee for the Cohuna Solar Farm Trust,19.0,31.16
,Coleambally BESS Trust ,1.0,100
COLEASF1,Coleambally Solar Pty Ltd,90.0,150.3
COLWF01,Ratch Australia,54.0,226.8
, Shine Energy,1.0,990
,COLLINSVILLE GREEN ENERGY HUB PTY LTD ,364.0,2839.2
,TBSOL,1.0,100
CSPVPS1,Ratch Australia,17.0,42.5
CG1,Snowy Hydro Ltd,1.0,181
CG2,Snowy Hydro Ltd,1.0,181
CG3,Snowy Hydro Ltd,1.0,181
CG4,Snowy Hydro Ltd,1.0,181
,Columboola BESS Nominees Pty Ltd,1.0,700
,StorEnergy P/L,1.0,400
COLUMSF1,Luminous Energy,79.0,217.25
,Comet Energy Pty Ltd,1.0,120
,Samsung C&T Renewable Energy Australia Pty Ltd.,45.0,189
CPSA,QGC Sales QLD Pty Ltd,1.0,57
CPSA,QGC Sales QLD Pty Ltd,2.0,87.4
CONDONG1,Cape Byron Management PTY LTD,1.0,30
,Akaysha Energy Pty Ltd,116.0,549.84
,Waldren Construction Pty Ltd.,15.0,30
, Venn Energy Pty Ltd / Cooba Solar Project Pty Ltd,76.0,319.2
,ACEN RENEWABLES,1.0,80
,ACEN RENEWABLES,1.0,80
,ACEN RENEWABLES,1.0,100
, Lightsource Development Services Australia Pty Ltd,1.0,100
CBWF1,Coonooer Bridge Wind Farm Pty Ltd,6.0,19.8
COOPGWF1,PARF Company 6 Pty Limited,32.0,122.56
COOPGWF1,PARF Company 6 Pty Limited,91.0,330.33
,Enervest Pty Ltd,1.0,100
COPTNHYD,AGL,1.0,20
COPBEL,Coppabella Wind Farm Pty Ltd,69.0,289.8
,Leeson Solar Pty Ltd.,1.0,400
,Leeson Solar Pty Ltd.,1.0,400
CRWASF1,Corowa Operationsco Pty Ltd as trustee for Corowa Operations Trust,22.0,36.01
, Macquarie Corporate Holdings Pty Ltd,1.0,150
CROOKWF2,Crookwell Development Pty Ltd,28.0,96.04
CROOKWF3,Crookwell 3 Development Pty Ltd,16.0,57.6
, Crossroads Energy Pty Ltd,1.0,650
CROWLWF1,Pacific Hydro Crowlands Pty Ltd,39.0,79.95
CRURWF1,CRWF Nominees Pty Ltd as trustee of the CRWF Trust,37.0,141.71
,Culcairn Solar Farm Pty Ltd as trustee for Culcairn Solar Farm Trust,111.0,0.22 - 349.98
CULLRGWF,Cullerin Range Wind Farm Pty Ltd,15.0,30
,Cultana Solar Project Company Pty Ltd as trustee for the Cultana Solar Farm Trust,104.0,357.45
,Dalby Asset Trust,1.0,4.94
DALNTH1,ElectraNet,12.0,30
,Tilt Renewables Australia Pty Ltd,1.0,250
,BORAL,1.0,4.2
DDPS1,Origin Energy Power Limited,1.0,280
DDPS1,Origin Energy Power Limited,3.0,364.5
,BORAL,1.0,250
,BORAL,1.0,250
,APA Group,1.0,200
DDSF1,Darling Downs Solar Farm Pty Ltd,44.0,121
DPNTB1,DPESS Pty Ltd,1.0,25
DARLSF1,Darlington Point Solar Farm Pty Ltd,108.0,274.97
,globalpower-generation_NR,50.0,360
,Pacific Hydro Australia Developments Pty Ltd,1.0,100
DARTM1,AGL Hydro Partnership,1.0,185
,Green Gold Energy Pty Ltd,1.0,270
,Highland Energy Australia Pty Ltd,1.0,560
DAYDSF1,The Daydream Solar Farm Trust,61.0,167.75
,BayWa r.e. Australia Offshore Wind Projects 1 Pty Ltd,165.0,2970
,BayWa r.e. Australia Offshore Wind Projects 2 Pty Ltd,212.0,2968
,ACEN Renewables,1.0,700
,Mint Renewables,1.0,200
,Ib vogt Development Australia Pty Ltd,46.0,139.84
,Ib vogt Development Australia Pty Ltd,46.0,139.84
,Delburn Wind Farm Pty Ltd,33.0,204.60 - 217.80
,Enervest Pty Ltd,1.0,150
,BESS Arctic Pty Ltd,1.0,100
,NEMMCOM Renewables Australia Developments Pty Ltd,572.0,2402.4
,DERBY SOLAR PROJECT PTY LTD ,1.0,95
,DERBY SOLAR PROJECT PTY LTD ,30.0,95.1
, West Coast Renewable Energy,1.0,150
DEVILS_G,Hydro-Electric Corporation,1.0,60
,Devlins Bridge Wind Farm Holdco Pty Ltd ,1.0,600
,Devlins Bridge Wind Farm Holdco Pty Ltd ,94.0,662.7
DIAPURWF1,Diapur Wind Farm Pty Ltd,2.0,8
,Spark Renewables Pty Ltd,1.0,300
,Spark Renewables Pty Ltd,1.0,300
,Spark Renewables Pty Ltd,56.0,403.2
,Spark Renewables Pty Ltd,56.0,403.2
,Spark Renewables Pty Ltd,56.0,403.2
,ESCO Pacific,1.0,85
,BESS DIREK PTY LTD,1.0,20
,BZ Renewables Holdings Pty Ltd,1.0,800
DRYCGT1,Synergen Power Pty Ltd,1.0,52
DRYCGT2,Synergen Power Pty Ltd,1.0,52
DRYCGT3,Synergen Power Pty Ltd,1.0,52
,MMG,1.0,144
DULAWF1,Dulacca Energy Project Co Pty Ltd,43.0,172.99
,Dumaresq Solar Farm Pty Limited,1.0,188
DUNDWF2,Tilt Renewables,11.0,46.2
DUNDWF3,Tilt Renewables,29.0,121.8
DUNDWF1,Tilt Renewables,40.0,168
,ib vogt GmbH / Sun Spot 4,1.0,55
,Dungowan Pumped Hydro Pty Ltd,2.0,300
,Samsung C&T,63.0,226.8
,Samsung C&T,95.0,361
EASTCRK,EDL LFG NSW Pty Ltd,4.0,5.06
EASTCRK2,LMS Energy Pty Ltd,4.0,4.49
,Eastern Rise OWP Project Pty Ltd,115.0,1725
,Voltere Pty Ltd.,84.0,350.28
,Voltere Pty Ltd.,1.0,350
,OceanEx Energy,1.0,2000
EDENVSF1,Edenvale Solar Park Pty Ltd,1.0,180
EILDON1,AGL Hydro Partnership,1.0,7.5
EILDON1,AGL Hydro Partnership,1.0,60
EILDON2,AGL Hydro Partnership,1.0,7.5
EILDON2,AGL Hydro Partnership,1.0,60
EILDON3,Pacific Hydro Investments Pty Ltd,1.0,4.5
,Elai Energy Pty Ltd,1.0,60.00 - 120.00
,Elaine ProjectCo Pty Ltd,336.0,311.14
, Elgin Energy Pty Ltd,1.0,125
, Elgin Energy Pty Ltd,1.0,125
ELAINWF1,Northleaf /InfraRed/Macquarie Capital,22.0,83.6
EMERASF1,Lighthouse Infrastructure Management Limited,32.0,72
,Potentia Energy Group Pty Ltd,14.0,40.04 - 61.46
,M Renweables Australia,60.0,199.8
,M Renweables Australia,75.0,300
ER01,Origin Energy Eraring Pty Ltd,1.0,720
ER02,Origin Energy Eraring Pty Ltd,1.0,720
ER03,Origin Energy Eraring Pty Ltd,1.0,720
ER04,Origin Energy Eraring Pty Ltd,1.0,720
ERB01,Origin Energy Electricity Limited,1.0,240
ERB01,Origin Energy Electricity Limited,1.0,460
ERB01,Origin Energy Electricity Limited,1.0,0
ERGT01,Origin Energy Eraring Pty Ltd,1.0,41.5
,unitedgreen_NR,1.0,666
,Unitedgreen_NR,1.0,4.00 - 4.20
,Balranald Wind Farm Pty Ltd,1.0,330
,Everleigh Solar Park Pty Ltd,1.0,Zero Capacity Or None Specified
,Everleigh Solar Park Pty Ltd,1.0,200
FNWF1,Ferguson Wind Farm Pty Ltd,3.0,12
FINLYSF1,Finley Solar Farm Pty Ltd as The trustee for Finley Solar Trust,99.0,162.36
FISHER,Hydro-Electric Corporation,1.0,43.2
,Private Energy Partners,1.0,1000
FLYCRKWF,Flyers Creek Wind Farm Pty Ltd,38.0,145.54
,Solquartz Holdings Pty Ltd,1.0,250
,Solquartz Holdings Pty Ltd,1.0,250
,Solquartz Holdings Pty Ltd,1.0,250
, Forbes Solar Farm Pty Ltd ATF Forbes Genesis Project Trust,1.0,3.6
, Forbes Solar Farm Pty Ltd ATF Forbes Genesis Project Trust,1.0,4.6
,X-Elio Roma Hub Solar Farm Pty Ltd,1.0,90
,Forest Wind Holdings Pty Ltd,1.0,1200
,Forsayth Wind Farm Pty Ltd,30.0,75.00 - 165.00
FTVBESS,FRV Services Australia,34.0,119
FTVPV,FRV Services Australia,23.0,80.5
,FRASER COAST SOLAR DEVELOPMENT PTY LTD,1.0,210.63
,FRASER COAST SOLAR DEVELOPMENT PTY LTD,1.0,310.8
,Frasers Lane Development Pty Ltd,1.0,77
,Fulham Solar Farm Pty Ltd (ATF Fulham Solar Farm Trust),24.0,64.08
,Fulham Solar Farm Pty Ltd (ATF Fulham Solar Farm Trust),24.0,100.8
GANGARR1,Shell New Energies Australia Pty Ltd,54.0,162
GANNB1,GESS ProjectCo,1.0,25.33
GANNSF1,Gannawarra Solar Farm Pty Ltd,22.0,55
,Edify Energy Pty Ltd,1.0,150
,Edify Energy Pty Ltd,1.0,150
,ACEnergy Pty Ltd,144.0,521.28
,Greenpulse solar farm and BESS as trustee for Greenpulse Solar Farm & Bess Unit Trust,135.0,360.45
,Greenpulse solar farm and BESS as trustee for Greenpulse Solar Farm & Bess Unit Trust,46.0,160.08
GBBATT1,UPPER BURDEKIN WIND FARM PTY LTD,4.0,104
GBWF1,UPPER BURDEKIN WIND FARM PTY LTD,68.0,408
,Mainstream Renewable Power Australia Pty Ltd,80.0,560
,Elgin EnergyP/L,1.0,250
,Recurrent Energy,1.0,350
, West Coast Renewables,1.0,232
, Risen Energy (Australia) Pty Ltd,1.0,150
, Risen Energy (Australia) Pty Ltd,1.0,250
GERMCRK,EDL CSM Qld Pty Ltd,4.0,13.2
GERMCRK,EDL CSM Qld Pty Ltd,16.0,31.81
,Elgin Energy Pty Ltd,37.0,125.06
,Elgin Energy Pty Ltd,32.0,125.12
,Iberdrola Australia Development Pty Limited,144.0,345.6
,EIWA Gin Gin Renewable Energy Park Pty Ltd,1.0,300
,Gippsland Dawn OWP Project Pty Ltd,140.0,2100
GIRGSF,Giragarre Solar Farm Pty Ltd as trustee for Giragarre Solar Farm Trust,57.0,93.48
GSTONE1,Gladstone Power Station Participants,1.0,280
GSTONE2,Gladstone Power Station Participants,1.0,280
GSTONE3,Gladstone Power Station Participants,1.0,280
GSTONE4,Gladstone Power Station Participants,1.0,280
GSTONE5,Gladstone Power Station Participants,1.0,280
GSTONE6,Gladstone Power Station Participants,1.0,280
,Elgin Energy Pty Ltd,1.0,52
,Elgin Energy Pty Ltd,1.0,60
,FIrm Power P/L,1.0,152
GLBWNHYD,AGL,1.0,5
,Water NSW,1.0,770
,Acenergy,1.0,250
, Glenellen Solar Farm Pty Ltd,1.0,200
GLENMAG1,Pacific Hydro Investments Pty Ltd,1.0,1.9
GLENNCRK,EDL OCI Pty Ltd,12.0,12.78
,Water NSW,1.0,642
,Akaysha Energy Pty Ltd,96.0,450.24
,Enervest Pty Ltd,1.0,400
GLENSF1,Glenrowan Solar Farm Pty Ltd as trustee for Glenrowan Solar Farm Trust,30.0,126
GLRWNSF1,Glenrowan Sun Farm Pty Ltd,48.0,132
,FRV SA Pty Ltd,100.0,290
,Altura Group,1.0,230
,Squadron Energy Developments Pty Ltd,83.0,499.66
,EIWA Gin Gin Renewable Energy Park Pty Ltd,1.0,300
,EIWA Gin Gin Renewable Energy Park Pty Ltd,1.0,300
,Tag Energy Australia P/L,1.0,150
GPWFEST1,Golden Plains WF1 Pty Ltd as trustee for the Golden Plains WF1 Unit Trust,40.0,248
GPWFEST3,Golden Plains WF1 Pty Ltd as trustee for the Golden Plains WF1 Unit Trust,40.0,248
GPWFEST2,Golden Plains WF1 Pty Ltd as trustee for the Golden Plains WF1 Unit Trust,42.0,260.4
,Golden Plains WF2 Unit Trust,93.0,557.07
GOONSF1,Goonumbla Asset Co Pty Ltd as trustee for the Goonumbla Asset Trust,31.0,69.75
,Lightsource Development Services Australia,1.0,800
,Engie,1.0,250
GORDON,Hydro-Electric Corporation,3.0,432
,Goulburn River Fund Pty Ltd,56.0,49.84
,Goulburn River Fund Pty Ltd,140.0,588
,Valent Energy,1.0,225
,Neoen Australia Pty Ltd,1.0,300
,Neoen Australia,50.0,1.00 - 300.00
GSWF1A,Goyder Wind Farm 1A Pty Ltd as trustee for Goyder Wind Farm 1A Trust,38.0,209
GSWF1B1,Goyder Wind Farm 1B Pty Ltd as trustee for Goyder Wind Farm 1B Trust,37.0,203.5
,AE BESS 3 Pty Ltd as Trustee for AE BESS 3 Unit Trust,1.0,100
GRANGEAV,EDL LFG NSW Pty Ltd,1.0,1.26
,Akuo Energy,121.0,121
GRANWF1,Granville Harbour Operations Pty Ltd as trustee for Granville Harbour Operations Trust,31.0,111.6
,GIG Australian Offshore Wind Energy Holdings Pty Ltd,1.0,2508
,Neoen Australia Pty Ltd,1.0,100
,Neoen Australia Pty Ltd,1.0,500
, Greater Southern Offshore Wind Farm Project Co Pty Ltd,1.0,1500
,Solquartz Holdings Pty Ltd,1.0,750
GREENB1,CSE BESS Pty Ltd,1.0,200
,Greenpulse solar farm and BESS as trustee for Greenpulse Solar Farm & Bess Unit Trust,135.0,360.45
,Greenpulse solar farm and BESS as trustee for Greenpulse Solar Farm & Bess Unit Trust,46.0,160.08
,Gregadoo Solar Farm Pty Ltd,1.0,45
,Eku Energy Projects (Australia) Trust,1.0,100
GRIFSF1,Griffith Solar Farm Pty Ltd,12.0,27.19
GROSV1,EDL Projects Australia Pty Ltd,7.0,21
GROSV2,EDL Projects Australia Pty Ltd,1.0,15.21
,ARK Energy Corporation Pty Ltd,73.0,525.6
,goldwindaustralia_NR,1.0,500
GULLRSF1,New Gullen Range Wind Farm Pty Ltd,4.0,10
GULLRWF1,New Gullen Range Wind Farm Pty Ltd,17.0,25.5
GULLRWF1,New Gullen Range Wind Farm Pty Ltd,56.0,140
GULLRWF2,BEIJING JINGNENG CLEAN ENERGY (AUSTRALIA) HOLDING PTY LTD,31.0,110.67
, Lightsource Development Services Australia Pty Ltd,1.0,200
, Lightsource Development Services Australia Pty Ltd,4.0,400
, Gunnedah Battery Subco Pty Ltd,1.0,70
,Green Leap P/L,25.0,100
GNNDHSF1,Gunnedah SF Pty Ltd atf Gunnedah Asset Trust,1.0,110
, Canadian Solar,1.0,200
, Canadian Solar,70.0,238.00 - 294.00
GUNNING1,Gunning Wind Energy Developments,11.0,16.5
GUNNING1,Gunning Wind Energy Developments,20.0,30
,ARP,1.0,94
,365 Future Energy,1.0,1186
GUTHEGA,Snowy Hydro Ltd,2.0,60
HALAMRD1,LMS Energy Pty Ltd,8.0,8.98
NBHWF1,Brown Hill North Pty Ltd,63.0,132.3
BLUFF1,Eurus Energy,25.0,52.5
,EnergyAustralia Hallett Pty Ltd,1.0,50
AGLHAL,EnergyAustralia Hallett Pty Ltd,1.0,18
AGLHAL,EnergyAustralia Hallett Pty Ltd,1.0,21.76
AGLHAL,EnergyAustralia Hallett Pty Ltd,1.0,25.6
AGLHAL,EnergyAustralia Hallett Pty Ltd,1.0,27
AGLHAL,EnergyAustralia Hallett Pty Ltd,1.0,37.2
AGLHAL,EnergyAustralia Hallett Pty Ltd,2.0,37.8
AGLHAL,EnergyAustralia Hallett Pty Ltd,2.0,41.5
AGLHAL,EnergyAustralia Hallett Pty Ltd,4.0,68
HALLWF1,Palisade Investment Partner Limited,45.0,94.5
HALLWF2,Infrastructure Capital Group Limited,34.0,71.4
,IBERDROLA AUSTRALIA DEVELOPMENT PTY LIMITED,1.0,500
,Halys BESS ProjectCo Pty Ltd,224.0,1120
,X-Elio Australia Pty Ltd,1.0,300
,Elements Green Australia Pty Ltd,1.0,750
,Elements Green Australia Pty Ltd,1.0,750
, UGL Pty Ltd,1.0,150
HAMISF1,Hamilton Solar Farm Pty Ltd,23.0,57.5
,Enervest Operations Pty Ltd,456.0,1199.28
HVWWBA1,South Australian Water Corporation,1.0,5.52
HVWWPV1,South Australian Water Corporation,4.0,11
,Harlin Solar Pty Ltd,1.0,240
,Harlin Solar Pty Ltd,1.0,400
,Mainstream,111.0,799.2
,Enel Green Power Australia Pty Ltd,86.0,266.60 - 269.95
,Esso Australia Resources,1.0,14.33
,Esso Australia Resources,2.0,28.66
,Pacific Hydro Haughton Solar Farm Pty Ltd,1.0,200
HAUGHT11,Pacific Hydro Haughton Solar Farm Pty Ltd,81.0,132.6
,Pacific Hydro Australia Pty Ltd,1.0,300
, Vena Energy Services (Australia) Pty Ltd,1.0,400
HD1WF1,Hawkesdale Asset Pty Ltd as trustee for Hawkesdale Asset Trust,23.0,96.6
,Plains SF No1 Pty Ltd,1.0,110
HAYMSF1,The Hayman Solar Farm Trust,21.0,57.75
,Enervest Pty Ltd,1.0,1100
HBESS1,Hazelwood BESS Project Co Pty Ltd as trustee for the HBESS Asset Trust,1.0,200.07
,International Power (Australia) Pty Ltd,1.0,150
,International Power (Australia) Pty Ltd (trading as ENGIE),1.0,40
,Manthos Investments Pty Ltd,1.0,480
,ARK Energy Corporation Pty Ltd,25.0,155
,Acciona Energy Global Australia,132.0,752.4
,Wind Prospect WA Pty Ltd,109.0,763
,Hills of Gold Wind Farm Pty Ltd,1.0,400
HILLSTN1,Hillston Sun Farm Operations Pty Ltd ATF Hillston,40.0,110
,Gravitas,1.0,11
,Goldwind Australia,54.0,421.2
,SynCo Global,71.0,300.33
,Bushranger Project Pty Ltd.,156.0,561.6
,Zen Energy Future Pty Ltd,1.0,200
,Zen Energy Future Pty Ltd,1.0,100
,Pacific Partnerships,96.0,230.4
,Hopeland Solar Farm Pty Ltd as trustee for the Hopeland Solar Farm Trust,78.0,327.6
HPR1,Hornsdale Power Reserve Pty Ltd,1.0,50
HPR1,Hornsdale Power Reserve Pty Ltd,1.0,100
HDWF1,HWF 1 Pty Ltd,32.0,102.4
HDWF2,HWF 2 Pty Ltd,32.0,102.4
HDWF3,HWF 3 Pty Ltd,35.0,112
,ESCO Solar Farm 7 Trust,40.0,100
,ESCO SOLAR FARM 7 PTY LTD,36.0,118.8
HUGSF1,Hughenden Solar Pty Ltd as Trustee for Hughenden Solar Trust,18.0,20.97
,BayWA r.e Projects Australia Pty Ltd,1.0,200.00 - 320.00
,GSP Energy Pty Ltd,1.0,10
,The Trustee for the ARIF Hume BESS Holdings Trust,1.0,75
HUMENSW,GSPOWER,1.0,29
HUMEV,GSP Energy Pty Ltd,1.0,29
,Energy Estate,1.0,1400
HEZ1,Snowy Hydro Ltd,1.0,20.8
HUNTER1,Snowy Hydro Limited,1.0,375
HUNTER2,Snowy Hydro Limited,1.0,375
HLMSEW01,South East Water Corporation,1.0,0.25
,brightnightpower_NR,82.0,359.98
,brightnightpower_NR,28.0,173.6
,brightnightpower_NR,40.0,175.6
,OceanEx Energy,1.0,2000
,Enerparc Australia Pty Ltd,6.0,24
,Inverell BESS Development Pty Ltd,40.0,150
,TBA,1.0,22
,Inverleigh Wind Farm Pty Ltd,15.0,88.95 - 91.50
INVICTA,Haughton Sugar Company Pty Limited,1.0,2.5
INVICTA,Haughton Sugar Company Pty Limited,1.0,9
INVICTA,Haughton Sugar Company Pty Limited,1.0,38.8
ICSM,SUSTAINABLE ENERGY INFRASTRUCTURE ,1.0,25
,Ivanhoe Coal Pty Ltd,900.0,702
JACKSGUL,EDL LFG NSW Pty Ltd,2.0,2.3
,Equis Energy (Australia) Projects (Ngumi 6) Pty Ltd as trustee for the Equis Energy(Australia) Ngumi 6 Asset Trust,1.0,200
JLA01,EnergyAustralia Ecogen Py Ltd,1.0,53
JLA02,EnergyAustralia Ecogen Py Ltd,1.0,53
JLA03,EnergyAustralia Ecogen Py Ltd,1.0,53
JLA04,EnergyAustralia Ecogen Py Ltd,1.0,53
JLB01,EnergyAustralia Ecogen Pty Ltd,1.0,76
JLB02,EnergyAustralia Ecogen Pty Ltd,1.0,76
JLB03,EnergyAustralia Ecogen Pty Ltd,1.0,76
JEMALNG1,Genex Power,20.0,55
,Squadron Energy Services Pty Ltd,48.0,288
JNDABNE1,Snowy Hydro Ltd,1.0,1.1
,BESS Atlantic,1.0,250
,Jindera Solar Farm Pty Ltd,38.0,120.08
,ACEnergy Pty Ltd,1.0,296.7
JBUTTERS,Hydro-Electric Corporation,1.0,144
JOUNAMA1,Snowy Hydro Ltd,1.0,14.4
JRBATT1,Junction Rivers Pty Ltd,1.0,200
JRWF1,Junction Rivers Pty Ltd,96.0,595.2
JUNEESF1,Junee Operationsco Pty Ltd as trustee for Junee Operations Trust,22.0,36.01
,Tilt Renewables Australia Pty Ltd,1.0,200
,Tilt Renewables Australia Pty Ltd,42.0,299.88
KABANWF1,Kaban Wind Farm Trust,28.0,156.8
,Samsung C&T Renewable Energy Australia Pty Ltd,33.0,138.6
,Origin Energy Pty Ltd,1.0,30
,Origin Energy Pty Ltd,25.0,150.00 - 155.00
,FIrm Power P/L,1.0,364.8
KARSF1,Iraak Sun Farm Pty Ltd,38.0,104.5
,ACCIONA Energy,1.0,400
KAREEYA1,CleanCo Queensland Limited,1.0,21.6
KAREEYA2,CleanCo Queensland Limited,1.0,21.6
KAREEYA3,CleanCo Queensland Limited,1.0,21.6
KAREEYA4,CleanCo Queensland Limited,1.0,21.6
KAREEYA5,CleanCo Queensland Limited,1.0,7
,Kariboe Wind Farm Pty Ltd,170.0,1020
,NEMMCOCI Karma Pty Ltd as trustee for the CI Karma Trust,1.0,966
KEEPIT,GSP Energy Pty Ltd,1.0,7.2
,Tetris Energy,1.0,50
,BayWa r.e. Solar Project Pty Ltd,1.0,50
,Tetris Energy,1.0,50
KEPSF1,Windlab / Eurus,6.0,15
KEPBG1,Windlab/Eurus,4.0,2
KEPWF1,Windlab / Eurus,12.0,43.2
,Neoen Australia Pty Ltd,1.0,5.00 - 600.00
,Kerang Bess Pty Ltd,56.0,103.04
,Kerang Power Pty Ltd,1.0,2.62
,Kerang Power Pty Ltd,1.0,3.31
,Origin Energy,2.0,770
, RES Australia Pty Ltd,55.0,330
KIAMBE,TotalEnergies Renewables Australia,64.0,238.59
KIAMSF1,KSF Project Nominees Pty Ltd ATF KSF Project Trust,150.0,199.95
KIATAWF1,Kiata ProjectCo Pty Ltd atf Kiata Project Trust,9.0,31.05
,Genex Power Ltd,2.0,250
KSP1,Genex Power Limited,20.0,50
,Genex Power Limited,1.0,270
,Genex Power Limited,1.0,258
,KIEWA VALLEY BESS NOMINEES PTY LTD on behalf of KIEWA VALLEY BESS Trust        ,1.0,500
,acepower_NR,1.0,4.2
KINGASF1,Kingaroy PropertyCo Pty Ltd as trustee for Kingaroy Property Trust,9.0,40
,Lyon Solar,120.0,Zero Capacity Or None Specified
,Lyon Solar,1.0,100
,Enerfin Energy Services Pty Ltd.,89.0,399.61
,Iberdrola Australia Development Pty Ltd.,1.0,250
,ESCO Pacific,1.0,55
KPP_1,Kogan Creek Power Station Pty Ltd,1.0,744
,Equis Energy (Australia) Projects (Ngumi 6) Pty Ltd as trustee for the Equis Energy (Australia) Ngumi 6 Asset Trust,1.0,100
,Equis Energy (Australia) Projects (Ngumi 6) Pty Ltd as trustee for the Equis Energy (Australia) Ngumi 6 Asset Trust,1.0,100
,Squadron Energy Developments Pty Ltd,1.0,300
KESSB1,Edify Energy,1.0,185
,FERA Australia Pty Ltd,50.0,200.00 - 400.00
,CEP Energy,1.0,1200
,Kut-Wut Brataualung Pty Ltd as trustee for the Kut-Wut Brataualung Trust,147.0,2205
LADBROK1,Origin Energy Power Limited,1.0,40
LADBROK2,Origin Energy Power Limited,1.0,40
LKBONNY1,Lake Bonney Wind Power Pty Ltd,46.0,80.5
LKBONNY2,Lake Bonney Wind Power Pty Ltd,53.0,159
LKBONNY3,Lake Bonney Wind Power Pty Ltd,13.0,39
LBB1,Lake Bonney BESS Pty Limited ,1.0,25
LK_ECHO,Hydro-Electric Corporation,1.0,32.4
,EnergyAustralia NSW Pty Ltd,1.0,385
,Lake Victoria Wind Farm Pty Ltd atf Lake Victoria Wind Farm unit trust,1.0,300
,Lake Victoria Wind Farm Pty Ltd atf Lake Victoria Wind Farm unit trust,145.0,1087.5
,Lakeland Wind Farm Pty Ltd,17.0,73.1
,Tetris Energy,1.0,100
,Tetris Energy,1.0,310
, Venn Energy Pty Ltd / Acacia Solar Project Pty Ltd.,82.0,360.8
,Ox2 Holdings Pty Ltd,60.0,80.04
,Canadian Solar (Australia) Pty Ltd,1.0,400
LVES1,Tilt Renewables Australia Pty Ltd,1.0,100
LNGS1,Snowy Hydro Ltd,1.0,156
LNGS2,Snowy Hydro Ltd,1.0,156
,The Trustee for Learmonth BESS Holdings Unit Trust,1.0,268
,Leigh Creek Energy,1.0,45
LEM_WIL,Hydro-Electric Corporation,1.0,30.6
LEM_WIL,Hydro-Electric Corporation,1.0,51
HEPWIND1,Hepburn Community Wind Park Co-operative Limited,2.0,4.1
,Elgin EnergyP/L,84.0,250.32
,Elgin EnergyP/L,72.0,249.84
,MACQGEN,1.0,500
,Acen Australia,1.0,440
LILYSF1,Lilyvale Asset Co Pty Ltd ATF Lilyvale Asset Trust,74.0,118.4
,LIMONDALE BATTERY PTY. LTD,1.0,50
LIMOSF11,Limondale Sun Farm Pty Ltd,100.0,230
LIMOSF21,Limondale Sun Farm Pty Ltd,14.0,28.98
LGAPBS1,Lincoln Gap Wind Farm (Operations) Pty Ltd,1.0,10
LGAPWF1,Lincoln Gap Wind Farm Pty Ltd,35.0,126
LGAPWF2,Lincoln Gap Wind Farm Pty Ltd,24.0,86.4
,Lincoln Gap 3 Wind Farm Pty Ltd,42.0,277.2
,NEMMCO,1.0,100
,Acciona Energy Australia Global,1.0,450
,CEP Energy,1.0,150
,ACEnergy Pty Ltd,1.0,350
, Clean Technology Partners,1.0,279
,Liverpool Range Wind Farm Pty Ltd,185.0,1332
,Better Energy Technology Pty Ltd,1.0,10
,Better Energy Technology Pty Ltd,1.0,10
, Lockyer Energy Management Pty,1.0,750
,Lockyer Energy Management Pty Ltd,1.0,400
,Lockyer Energy Management Pty Ltd,1.0,400
,Lockyer Energy Management Pty Ltd,2.0,87.00 - 117.00
LRSF1,Longreach Asset Company,7.0,15
LONSDALE,Lumo Generation SA Pty Ltd,18.0,20.16
,CS ENERGY,46.0,285.2
, Syncline Energy Pty Ltd,1.0,400
,Equis Energy (Australia) Projects (Ngumi 7) Pty Ltd as trustee for the Equis Energy(Australia) Ngumi 7 Asset Trust,1.0,200
,Lower Wonga Solar Farm Pty Ltd,1.0,353
LYA1,AGL Loy Yang Marketing Pty Ltd,1.0,560
LYA2,AGL Loy Yang Marketing Pty Ltd,1.0,530
LYA3,AGL Loy Yang Marketing Pty Ltd,1.0,560
LYA4,AGL Loy Yang Marketing Pty Ltd,1.0,560
LOYYB1,Gippsland Power Pty Ltd ABN 30 077 851 079 / LYB Ventures Australia Pty Ltd ABN 57 055 984 499 / Traralgon Power Pty Ltd ABN 64 056 292 623 / Latrobe Power Pty Ltd ABN 42 055 983 563 / LYB Australia Limited ABN 87 055 563 785,1.0,580
LOYYB2,Gippsland Power Pty Ltd ABN 30 077 851 079 / LYB Ventures Australia Pty Ltd ABN 57 055 984 499 / Traralgon Power Pty Ltd ABN 64 056 292 623 / Latrobe Power Pty Ltd ABN 42 055 983 563 / LYB Australia Limited ABN 87 055 563 785,1.0,580
,Alinta Energy Clean Energy Development Pty Ltd,1.0,250
,Firmus Grid P/L,1.0,24
LUCAS2S2,EDL LFG NSW Pty Ltd,4.0,4.6
LUCASHGT,EDL LFG NSW Pty Ltd,11.0,12.65
,LOYYANGA,1.0,200
MACARTH1,Macarthur Wind Farm Pty Ltd and Meridian Wind Macarthur Pty Ltd,140.0,420
MCINTYR1,Macintyre Windfarm Pty Ltd and Arc Energy Macintyre Pty Ltd,162.0,923.4
,BSR EPC P/L,1.0,800
,BSR EPC P/L,1.0,800
MACKNTSH,Hydro-Electric Corporation,1.0,79.9
,AGL Energy Limited,1.0,500
,Terrain Solar,1.0,48.89
,Terrain Solar,1.0,76.82
,Edify Energy Pty Ltd,1.0,150
,Edify Energy Pty Ltd,1.0,150
,Mallee Wind PTY LTD,1.0,100
,Mallee Wind PTY LTD,76.0,380.00 - 501.60
,Green Switch Energy Pty Ltd,1.0,500
,Tetris Energy,1.0,20
,Tetris Energy,1.0,250
,Samsung C&T Renewable Energy Australia Pty Ltd.,104.0,104
MANSLR1,Manildra Prop Pty Ltd as trustee for the Manildra Asset Trust,20.0,50
MAPS2PV1,South Australian Water Corporation,6.0,16.5
MAPS3PV1,South Australian Water Corporation,6.0,16.5
,Mannum Stage 2 Battery SubCo Pty Ltd as Trustee for The Mannum Stage 2 Battery Unit Trust,1.0,100
MANNSF2,Mannum Stage 2 SubCo Pty Ltd as trustee for the Mannum Stage 2 Unit Trust,11.0,29.99
, Biscon Energy Australia Pty Ltd,1.0,350
, Biscon Energy Australia Pty Ltd,1.0,Zero Capacity Or None Specified
,EEW ECO ENERGY WORLD PTY LTD,1.0,160
,BE PRO MC1 PTY LTD,1.0,400
,Monash Energy Pty Ltd,1.0,375
,Monash Energy Pty Ltd,1.0,125
,Cubico Sustainable Investments Australia Pty Ltd,1.0,950
MAROOWF1,Myamba Developments Pty Ltd,2.0,6.9
,EnergyAustralia Marulan Pty Ltd,1.0,800
,Marulan Solar Farm Pty Ltd,56.0,190.40 - 207.20
MARYRSF1,Maryrorough Solar Pty Ltd,1.0,34.5
,Maryvale Solar Farm Pty Ltd ,61.0,172.02
,Maryvale Solar Farm Pty Ltd ,61.0,172.02
,FRV Services Australia Pty Ltd,18.0,72.00 - 81.00
,FRV Services Australia Pty Ltd,14.0,48.02 - 63.00
,X-Elio Holbrook Trust,1.0,300
,Enerparc Australia Pty Ltd,28.0,123.2
, Clean Technologies Partners,1.0,180
MEADOWBK,Hydro-Electric Corporation,1.0,40
,Virya Energy Pty Ltd,1.0,250
,Virya Energy Pty Ltd,1.0,1500
,Lumea,1.0,Zero Capacity Or None Specified
,Landfill Operations Pty Ltd,1.0,8.88
,Elgin Energy Pty Ltd,1.0,250
,MREH Pty Ltd as trustee for MREH Asset Trust,1.0,600
,MREH Pty Ltd as trustee for MREH Asset Trust,1.0,600
, Emergent Technologies,1.0,350
, Acciona Energy Global Australia,60.0,342
,Merino Solar Farm Pty Ltd as trustee for Merino Solar Farm Trust,96.0,309.12
,Merino Solar Farm Pty Ltd as trustee for Merino Solar Farm Trust,100.0,338
,Valent Energy,1.0,1000
METZSF1,Metz ProjectCo Pty Ltd as trustee for Metz ProjectCo Trust ,54.0,135
,APA Group,1.0,88
,Middlebrook Solar Farm Pty Ltd as trustee for MSF Project Trust,130.0,387.14
,Middlebrook Solar Farm Pty Ltd as trustee for MSF Project Trust,104.0,354.02
MIDDLSF1,Capricorn SF No1 Pty Ltd,1.0,26
,TBA,1.0,6
,Ceramet,1.0,9.6
,TBSOL,1.0,500
,Vena Energy,1.0,500
,Millmerran Power Partners,1.0,200
MPP_1,Millmerran Power Partners,1.0,426
MPP_2,Millmerran Power Partners,1.0,426
,Millmerran Power Partners,1.0,250
MINTARO,Synergen Power Pty Ltd,1.0,90
,Private Energy Partners Pty Ltd,1.0,100
,Private Energy Partners Pty Ltd,1.0,200
,Private Energy Partners Pty Ltd,1.0,100
,Private Energy Partners Pty Ltd,1.0,200
,Squadron Energy Services Pty Ltd,1.0,57
,Moah Creek Solar Development Co Pty Ltd,1.0,350
,Moah Creek Wind Farm Project Co Pty Ltd,60.0,360
,Moama Propertyco Pty Ltd as trustee for the Moama Property Trust,2.0,36.01
,Moama Propertyco Pty Ltd as trustee for the Moama Property Trust,6.0,36.01
,Mobilong ProjectCo Pty Ltd,32.0,180.16
MOKOSF1,EE Solar 6 Pty Ltd as trustee for EE Solar 6 Trust,1.0,46
,Potentia Energy Group P/L,1.0,250
,StorEnergy 3 Pty Ltd,48.0,150.24
MOLNGSF1,Molong Operations co Pty Ltd ATF Molong Operations Trust,22.0,36.08
, 1265 Warnecke Rd Pty Ltd,1.0,100
,Eku Energy Projects (Australia) Pty Ltd as trustee for the Eku Energy Projects (Australia) Trust,1.0,300
, Venn Energy Pty Ltd / Moonah Solar Project Pty Ltd,42.0,176.4
,Brookfield,1.0,400
,Brookfield,1.0,400
MOORBESS,Neoen Australia Pty Ltd,1.0,300
MOORAWF1,Moorabool Wind Farm Interface Company Pty Ltd,104.0,312
,Energy Bay Fund Management,1.0,200
,Energy Bay Fund Management,60.0,120
MORANBAH,SUSTAINABLE ENERGY INFRASTRUCTURE ,8.0,12.56
MBAHNTH,EDL Projects Australia Pty Ltd,21.0,63.84
,AE BESS 2 PTY LTD AS TRUSTEE FOR AE BESS 2 UNIT TRUST ,1.0,120
MOREESF1,Moree Solar Farm Pty Ltd,56.0,56
,Moreton Hill Wind Farm Nominees Pty Ltd,57.0,387.6
,NEMMCO,1.0,30
,Origin Energy,1.0,40
,Green Gold Energy Pty Ltd,1.0,108
MWPS1PV1,South Australian Water Corporation,2.0,5.5
MWPS2PV1,South Australian Water Corporation,2.0,5.5
MWPS3PV1,South Australian Water Corporation,3.0,7.5
MWPS4PV1,South Australian Water Corporation,2.0,5.5
,Mornington BESS Project Pty Ltd as Trustee of Mornington BESS Project Trust,1.0,240
MORTLK11,Origin Energy Power Limited,1.0,292
MORTLK12,Origin Energy Power Limited,1.0,292
,Origin Energy Power Limited,4.0,200
,BORAL,1.0,300
,brightnightpower_NR,72.0,316.08
,brightnightpower_NR,76.0,333.64
MRTLSWF1,Mortlake South Wind Farm Pty Ltd,35.0,157.5
MLWF1,Mortons Lane Windfarm Pty Ltd,13.0,19.5
,Photon Energy Engineering Australia Pty Ltd.,10.0,300
,Photon Energy Engineering Australia Pty Ltd.,300.0,600
,ACE Power Development 2 Pty Ltd,218.0,784.8
,firmpower_NR,1.0,377.54
,firmpower_NR,1.0,377.54
MEWF1,Ratch Australia,53.0,180.52
,Woolnorth Wind Farm Holding,85.0,340.00 - 459.00
,Woolnorth Wing Farm Holding Pty Ltd,1.0,750
,Mount Hopeful Wind Farm as trustee for Mount Hopeful Wind Farm Trust,1.0,370
,Tetris Energy,1.0,100
,Tetris Energy,1.0,200
,Mainstream,1.0,600
MOUSF1,Moura Solar Farm SPV Pty Ltd as the Trustee for Moura Solar Farm Unit Trust,36.0,99
,Tetris Energy,1.0,20
,Tetris Energy,1.0,115
,Darwalla Milling Co Pty Ltd,1.0,7.6
,Iberdrola Australia Development Pty Ltd,1.0,200
, Mount Fox BESS Pty Ltd,1.0,300
, Mount Fox Energy Park Pty Ltd,47.0,291.4
MTGELWF1,ACCIONA Energy,44.0,138.6
,Foresight Australia,1.0,80
MERCER01,Mt Mercer Windfarm Pty Ltd,64.0,131.2
MTMILLAR,MT MILLAR WIND FARM PTY LTD,35.0,72.28
MP1,EnergyAustralia NSW Pty Ltd,1.0,730
MP2,EnergyAustralia NSW Pty Ltd,1.0,660
,Energy Australia Development Pty Ltd,51.0,249.9
, Mount Rawdon Pty Ltd,6.0,2040
MSTUART1,Origin Energy Mt Stuart,1.0,146
MSTUART2,Origin Energy Mt Stuart,1.0,146
MSTUART3,Origin Energy Mt Stuart,1.0,131.5
,Woodside Energy Technologies Pty Ltd,1.0,750
,LGI,1.0,12
,LGIGEN,6.0,3.21 - 6.39
,Mullion Creek Wind Farm P/L,33.0,250.14
,Mulwala Solar Farm Pty Ltd,19.0,25
,Munna Creek Solar Farm Investments Pty Ltd as trustee for the Munna Creek Solar Farm Trust,56.0,154
MUWAWF1,Murra Warra Project Co Pty Ltd,61.0,225.7
MUWAWF2,Murra Warra II Project Co Pty Ltd as Trustee for the Murra Warra II Project Trust,38.0,209
MURRAY,Snowy Hydro Ltd,10.0,950
MURRAY,Snowy Hydro Ltd,4.0,600
MBPS2PV1,South Australian Water Corporation,5.0,13.75
,FIrm Power P/L,1.0,152
,Edify Energy Pty Ltd,1.0,200
MUSSELR1,Musselroe Wind Farm Pty Ltd,56.0,168
,firmpower_NR,1.0,196.8
,Penso Power Australia P/L,1.0,400
,AGL Energy Limited,1.0,250.00 - 400.00
,Ox2,1.0,135
,ARK Energy Corporation Pty Ltd,1.0,275
, Narrabri Genesis Hold Pty Ltd ATF Narrabri Genesis Hold Trust,1.0,3.6
, Narrabri Genesis Hold Pty Ltd ATF Narrabri Genesis Hold Trust,1.0,4.6
,Canadian Solar,1.0,50
,Potentia Energy Group P/L,114.0,400.14
,Potentia Energy Group P/L,1.0,125
NASF1,Dubbo Solar Hub Pty Ltd,4.0,9.2
,BayWA r.e Projects Australia Pty Ltd,1.0,500
,Iberdrola Australia Development Pty Ltd.,1.0,280
NEVERSF1,Nevertire Solar Pty Ltd as Trustee for the Nevertire Solar Trust,48.0,104.64
NEWENSF1,ACEN AUSTRALIA,1.0,200
NEWENSF2,ACEN AUSTRALIA,1.0,200
,ACEN AUSTRALIA,1.0,320
,ACEN RENEWABLES,1.0,100
,ACEN RENEWABLES,1.0,100
NPS,EnergyAustralia Ecogen Pty Ltd,1.0,500
,Zen Energy Future Pty Ltd,1.0,180
,Tilt Renewables Australia Pty Ltd,1.0,1015
,Westwind Development Pty Ltd,1.0,120
,X-Elio Australia Pty Ltd,1.0,700
,X-Elio Australia Pty Ltd,1.0,700
,ACEN North East Tasmania Pty Ltd,175.0,1260
,Zen Energy,1.0,210
,TasRex P/L,1.0,60
,Connorville Estates Pty Ltd,69.0,289.8
,BORAL,1.0,8
,NPSF Renewables Pty Ltd,1.0,210
,OceanEx Energy,1.0,2000
,Edify Energy Pty Ltd,1.0,750
,Lyon Solar,1.0,250
,Lyon Solar,1.0,80
,AGL Energy Limited,1.0,500
NUMURSF1,Numurkah Solar Farm Pty Ltd,56.0,101.08
,Acciona Energy,53.0,302.1
NYNGAN1,PARF Company 6 Pty Limited,77.0,102.03
OAKEY2SF,RE Oakey Pty Ltd,26.0,55.64
OAKEY1,Oakey Power Holdings Pty Ltd,1.0,173
OAKEY2,Oakey Power Holdings Pty Ltd,1.0,173
OAKEY1SF,Oakey1 Asset Co Pty Ltd,1.0,25
OAKLAND1,Oaklands Hill Wind farm pty ltd,32.0,67.2
OAKYCREK,EDL OCI Pty Ltd,2.0,6.09
OAKYCREK,EDL OCI Pty Ltd,14.0,14.91
OAKY2,EDL OCI PTY LTD,5.0,15
ORANA,Wellington Battery ProjectCo Pty Ltd,448.0,414.85
,Overland Sun Farm Holdings Pty Ltd,1.0,80
,orsted_nr,192.0,2819.9
,orsted_nr,192.0,2819.9
OSB-AG,Osborne Cogeneration Pty Ltd,1.0,62
OSB-AG,Osborne Cogeneration Pty Ltd,1.0,118
,Osboourne Cogeneration P/L,1.0,120.00 - 300.00
,Oven Mountain Pumped Storage,1.0,900
,Oxley Solar Development Pty Ltd,1.0,300
,Pacific Green,1.0,250
,Pacific Green,1.0,250
,Pacific Green Energy Park Cascade Trust,1.0,1000
,Pacific Green Energy Park Portland West Trust,1.0,1000
,Paling Yards Development Pty Ltd,47.0,286.7
,Tilt Renewables Australia Pty Ltd,40.0,240.00 - 274.00
,Palmerston ProjectCo Pty Ltd,23.0,100.05
PALOONA,Hydro-Electric Corporation,1.0,28
, PANORAMA BESS SUBCO PTY LTD as trustee for the PANORAMA BESS UNIT TRUST,1.0,100
,Gould Creek BESS Project Pty Ltd as trustee of Gould_x000B_Creek BESS_x000B_Project Trust,1.0,225
PARSF1,Parkes Solar Farm Pty Ltd,22.0,49.5
,Potentia Energy Group P/L,175.0,449.75
,Potentia Energy Group P/L,1.0,150
PPCCGT,Pelican Point Power Limited,1.0,171
PPCCGT,Pelican Point Power Limited,2.0,358
,Engie,1.0,200
,BESS PENFIELD PTY LTD,1.0,20
,Edify Energy Pty Ltd,1.0,80
,Edify Energy Pty Ltd,1.0,80
PIBESS1,Mondo Power,1.0,5
,ACEN Phoenix Pty Ltd,3.0,810
,Piambong Wind Farm Pty Ltd,93.0,632.4
,Squadron Energy Developments Pty Ltd,250.0,1500
PINDARI,AGL Hydro Partnership,1.0,5.77
,ACEnergy Pty Ltd,126.0,453.6
,ACEnergy,88.0,250.01
,Enervest Pty Ltd,1.0,400
,FRV Services Australia Pty Ltd,106.0,424
,Edify Energy Pty Ltd,1.0,200
,Pioneer Sugar Mills P/L,1.0,30.9
,Pioneer Sugar Mills P/L,1.0,36.9
,CFG,1.0,100
,TotalEnergies Renewables Australia Pty Ltd,28.0,80
,PLEYSTOWE BESS PTY LTD,1.0,200
,Pleystowe BESS P/L,1.0,200
POAT110,Hydro-Electric Corporation,2.0,100
POAT220,Hydro-Electric Corporation,4.0,200
PAREPS1,PAREP 1 Pty Ltd,36.0,79.2
PAREPW1,PAREP 1 Pty Ltd,50.0,210
,Edify Energy Pty Ltd,1.0,300
, Australian Industrial Power,1.0,660
,Oz Green Energy I Pty Ltd,5.0,21
POR03,Synergen Power Pty Ltd,1.0,23.5
POR01,Synergen Power Pty Ltd,2.0,50
,Green Gold Energy,1.0,70
, Trafigura Hydrogen Australia,1.0,300
PTSTAN1,Snowy Hydro Ltd,36.0,56.52
,HAMR Energy Pty Ltd,1.0,Zero Capacity Or None Specified
PORTWF,Pacific Hydro Portland Wind Farm Pty Ltd,74.0,151.7
, Vic Offshore Windfarm Pty Ltd,1.0,495
,Pottinger Renewables P/L,255.0,499.8
,Pottinger Renewables P/L,128.0,299.52
,Pottinger Renewables P/L,250.0,1300
,Pacific Hydro Australia Developments Pty Ltd,1.0,250
,Prairie Wind Farm Pty Ltd,100.0,700.00 - 800.00
,Prairie Wind Farm Pty Ltd,150.0,1050.00 - 1200.00
,Monash Renewables Pty Ltd,1.0,375
,Monash Renewables Pty Ltd,1.0,125
,CI Proserpine Pty Ltd as trustee for the CI Proserpine Trust,1.0,1360
,Skylab,1.0,400
,Skylab,1.0,400
,skylabgroup_NR,312.0,798.72
,Tetris Energy,1.0,50
,Tetris Energy,1.0,350
,QCLNG Operating Company Pty Ltd ,3.0,90
,Emergent Technologies,1.0,350
QPS1,Origin Energy Power Limited,1.0,29
QPS2,Origin Energy Power Limited,1.0,24
QPS3,Origin Energy Power Limited,1.0,29
QPS4,Origin Energy Power Limited,1.0,24
QPS5,Origin Energy Power Limited,1.0,128
,Origin Energy Power Limited,1.0,165
QBYNB1,Berrybank 2 Asset Pty Ltd as Trustee for Berrybank 2 Asset Trust,1.0,10
,EEW Eco Energy World Pty Ltd,1.0,750
QPBESS,Quorn Park Solar Farm Pty Ltd as the trustee for Quorn Park Solar Farm Trust,8.0,23.44 - 27.60
QPSF,Quorn Park Solar Farm Pty Ltd as the trustee for Quorn Park Solar Farm Trust,22.0,87.12 - 96.80
RACOMIL1,Mackay Sugar Ltd,1.0,0
RACOMIL1,Mackay Sugar Ltd,1.0,7
RACOMIL1,Mackay Sugar Ltd,1.0,38
,acepower_NR,1.0,500
,EEW Eco Energy World Ltd,1.0,300
RANGEB1,Cranbourne BESS Project Co Pty Ltd,1.0,200
,Tetris Energy,1.0,20
,Tetris Energy,1.0,185
,Rangoon Energy Park Pty Ltd,19.0,114
,FRV Services Australia,1.0,20
,FRV Services Australia,1.0,63
REDBANK1,Verdant Earth Technologies Limited,1.0,128.00 - 151.00
REECE1,Hydro-Electric Corporation,1.0,115.6
REECE2,Hydro-Electric Corporation,1.0,115.6
,Alinta Energy Reeves Plains Pty Ltd,1.0,150
,Alinta Energy Reeves Plains Pty Ltd,1.0,150
,Alinta Energy,1.0,250
REPULSE,Hydro-Electric Corporation,1.0,28
,ARK ENERGY CORPORATION PTY LTD ,1.0,275
,EIWA Queensland Pty Ltd,105.0,300.3
,ARK ENERGY CORPORATION PTY LTD ,1.0,252
, Ridgey Creek BESS Pty Ltd,1.0,130
,NewEn,1.0,40
RESS1,Shell New Energies Australia Pty Ltd,1.0,60
RIVNB2,RESS 2 Pty Ltd,1.0,65
,Riverina Solar Pty Ltd,360.0,32.4
,Lyon Solar,1.0,330
,Lyon Solar,1.0,100
,Enervest Pty Ltd,1.0,250
,Pacific Partnerships Pty Ltd,217.0,520.8
,ACEN Robbins Island PTY LTD,1.0,929
,Robertstown Project (Solar) Operations Pty Ltd,2.0,250
,Robertstown Project (Solar) Operations Pty Ltd,127.0,500
RPCG,W.H.Heck and Sons Pty Ltd,1.0,30
,X-Elio Australia Pty Ltd,1.0,110
,X-Elio Australia Pty Ltd,1.0,220
ROMA_7,Origin Energy Power Limited,1.0,40
ROMA_8,Origin Energy Power Limited,1.0,40
,Samsung C&T Renewable Energy Australia Pty Ltd,216.0,216
,Samsung C&T Renewable Energy Australia Pty Ltd,72.0,302.4
,Samsung C&T Renewable Energy Australia Pty Ltd,240.0,240
RRSF1,Ross River Operations Pty Ltd as the Trustee for the Ross River Operations Trust,64.0,128
ROWALLAN,Hydro-Electric Corporation,1.0,10.5
,Hydro-Electric Corporation,4.0,750
ROYALLA1,Royalla Asset Pty Ltd ATF Royalla Asset Trust,20.0,20
RUBICON,AGL Hydro Partnership,5.0,13.5
,Walcha Energy Pty Ltd,1.0,48
,Origin energy,40.0,240.00 - 248.00
,Origin Energy Pty Ltd,1.0,48
,Origin Energy Pty Ltd,80.0,480.00 - 496.00
RUGBYR1,Adani Rugby Run Pty Ltd,1.0,65
,Red Hill Renewable Energy Pty Ltd,1.0,400
,Red Hill Renewable Energy Pty Ltd,1.0,400
RYANCWF1,Ryan Corner Development Pty Ltd,52.0,218.4
RYEPARK1,Tilt Renewables Australia Pty Ltd,66.0,396
,Origin Energy Pty Ltd,1.0,200
,Origin Energy Pty Ltd,34.0,170
,Origin Energy Pty Ltd,56.0,280
SALTCRK1,Salt Creek Wind Farm Pty Ltd,15.0,54
,ESCO Pacific,300.0,300
,Sandy Creek Solar Fund Pty Ltd,1.0,700
,Samsung C&T Renewable Energy Australia Pty Ltd.,43.0,180.6
,Samsung C&T Renewable Energy Australia Pty Ltd.,48.0,201.6
SAPHWF1,SWF1 Operations Holdings Pty Ltd as trustee for SWF1 Hold Trust,75.0,270
,BayWa r.e. Australia Offshore Wind Projects 3 Pty Ltd,200.0,3000
SEBSF1,Sebastopol Asset Co Pty Ltd ATF Sebastopol Asset Trust,40.0,90
,SEC,1.0,100
,Seymour Wind Pty Ltd,115.0,460.00 - 920.00
SHEP1,Diamond Energy Pty Ltd,1.0,1.1
SHGEN,Origin Energy Eraring Pty Ltd,2.0,82
SHGEN,Origin Energy Eraring Pty Ltd,2.0,165
,Origin Energy,1.0,235
,A-CAES NSW PTY LTD,2.0,200
,International Power (Australia) Pty Ltd,1.0,120
STWF1,PARF Company 8 Pty Ltd as trustee for the Silverton Project Trust,58.0,198.94
,Smithfield BESS Pty Limited,36.0,86.4
SITHE01,Smithfield Power Generation Pty Ltd,3.0,125.7
,Edify Energy Pty Ltd,1.0,400
,Edify Energy Pty Ltd,1.0,700
SNAPPER1,Port Adelaide Energy Pty Ltd,1.0,30.8
SNAPPER1,Port Adelaide Energy Pty Ltd,4.0,123.2
,Tilt Renewables,11.0,44
,Tilt Renewables,1.0,100
SNOWNTH1,Snowtown Wind Farm Stage 2 Pty Ltd,42.0,126
SNOWNTH1,Snowtown Wind Farm Stage 2 Pty Ltd,48.0,144
SNOWTWN1,Snowtown Wind Farm Pty Ltd,47.0,98.7
,Snowy Hydro Ltd,2.0,732
,Snowy Hydro Ltd,4.0,1468
SNUGNL1,Synergen Power Pty Ltd,1.0,21
SNUG1,Synergen Power Pty Ltd,3.0,63
,Zen Energy Retail Pty Ltd,1.0,123
,Zen Energy Retail Pty Ltd,92.0,255.76
AGLSOM,AGL Hydro partnership,4.0,170
,X-Elio Australia Pty Ltd,1.0,300
,Samsung C&T Renewable Energy Australia Pty Ltd,84.0,84
,Equis Energy (Australia) Projects (Ngumi 8) Pty Ltd as trustee for the Equis Energy(Australia) Ngumi 8 Asset Trust,1.0,200
,MSF Sugar,1.0,32
,Macleay Ventures Pty Ltd.,80.0,200
SKSF1,Dubbo Solar Hub Pty Ltd,6.0,13.9
,RTB Renewables Pty Ltd,1.0,630
,South Pacific OWP Project Pty Ltd,105.0,1575.00 - 1601.25
,Southern Winds OWP Project Pty Ltd,77.0,1155
,ARK Energy Corporation Pty Ltd,1.0,100
,ARK Energy Corporation Pty Ltd,56.0,336
,Squadron Energy Services Pty Ltd,117.0,702
,Alinta Energy Retail Sales Pty Ltd,1.0,1200
,Renew Estate,1.0,120
,RES Australia Pty Ltd,1.0,100
, Ratch Australia,121.0,798.6
,progresspower_nr,1.0,115
, Miraabou Energy Ltd,1.0,500
,ARK Energy Corporation Pty Ltd,47.0,291.4
SHBESS01,Globird Energy Pty Ltd,1.0,20
,globirdenergy_NR,1.0,5
,Stanmore Resources and Enernet Australia (JV),6.0,20.16
STAN-1,Stanwell Corporation Limited,1.0,365
STAN-2,Stanwell Corporation Limited,1.0,365
STAN-3,Stanwell Corporation Limited,1.0,365
STAN-4,Stanwell Corporation Limited,1.0,365
,Stanwell Corporation Limited,1.0,300
STAPYLTON1,LMS Energy Pty Ltd,1.0,0.47
STAPYLTON1,LMS Energy Pty Ltd,1.0,0.76
STAPYLTON1,LMS Energy Pty Ltd,2.0,2.12
SOTS1,Star of the South Wind Farm Pty Ltd as trustee for the Star of the South Trust,147.0,2205
STARHLWF,Ratch Australia,22.0,33
STOCKYD1,Stockyard Hill Wind Farm Pty Ltd,2.0,6
STOCKYD1,Stockyard Hill Wind Farm Pty Ltd,19.0,64.6
STOCKYD1,Stockyard Hill Wind Farm Pty Ltd,128.0,456.96
, APA Power Holdings Pty Ltd,1.0,220
,Enervest Pty Ltd,65.0,260
,Greenleaf Renewable,1.0,400
,Yancoal,1.0,200
,Stubbo 1 Pty Ltd. ACN 658 322 457 as The Trustee for Stubbo 1 Solar Project Trust,1.0,200
STUBSF2,ACEN AUSTRALIA,1.0,198
STUBSF1,ACEN AUSTRALIA,1.0,202
,Sturt Solar PTY LTD,1.0,300
,Sturt Solar PTY LTD,1.0,300
,CI Summerfield BESS Pty Ltd (ACN 656 223 773) as trustee for the CI Summerfield BESS Trust,1.0,120
,CI Summerfield BESS Pty Ltd (ACN 656 223 773) as trustee for the CI Summerfield BESS Trust,1.0,120
,ESCO Solar Farm 5 Pty Ltd,1.0,4.20 - 90.00
SMCSF1,Sun Metals Corporation Pty Ltd,52.0,143
, Canadian Solar,1.0,360
,CWP Renewables Pty Ltd,600.0,600
SUNRSF1,Sunraysia Solar Project Pty Ltd,104.0,228.8
,Sunshine Energy,1.0,1500
,ESCO Pacific,1.0,110
,Rollingstone Solar Farm Pty Ltd,1.0,500
SUNTPSF1,Suntop SF Pty Ltd As Trustee For The Suntop Asset,1.0,150
SNB01,Supernode Operations Pty Ltd as the trustee for Supernode BESS 1 Project Trust,1.0,260
SNB02,Supernode Operations Pty Ltd as the trustee for Supernode BESS 1 Project Trust,1.0,260
SNB03,Supernode Operations Pty Ltd as the trustee for Supernode BESS 1 Project Trust,1.0,260
SNB04,Supernode Operations Pty Ltd as the trustee for Supernode BESS 1 Project Trust,1.0,260
SRSF1,Susan River Solar Pty Ltd as trustee for the Susan River Solar Trust,49.0,85.26
,CleanCo QLD Limited,138.0,250.06
SWAN_E,CleanCo Queensland Limited,1.0,385
TABMILL2,MSF Sugar,1.0,24
,Elgin Energy Pty Ltd,30.0,120
,Elgin Energy Pty Ltd,30.0,126
TAHMOOR1,EDL TT Pty Ltd,7.0,7.46
TBSF1,Vena Energy,1.0,108
TB2B1,Vena Energy,1.0,41.5
TB2SF1,Vena Energy,1.0,105
,TBSOL,1.0,204
,Talbingo Battery Pty Ltd ATF Talbingo Battery Trust,1.0,400
,Enel Green Power Australia Pty Ltd,160.0,672
TALWA1,EnergyAustralia Tallawarra Pty Ltd,1.0,400
TALWB1,EnergyAustralia Tallawarra Pty Ltd ,1.0,320
TVCC201,AETV Pty Ltd,1.0,140
TVCC201,AETV Pty Ltd,1.0,68
TVPP104,AETV Pty Ltd,1.0,58
,VALENT ENERGY DEVELOPMENTS PTY LTD,1.0,200
,The Trustee for Equis Energy (Ausralia) Ngumi 4 Asset Trust,135.0,299.7
, Atria Energy Ltd,1.0,100
,Tara Wind Farm Pty Ltd,1.0,1800
TARALGA1,Energy Pacific Vic Pty Ltd,9.0,27
TARALGA1,Energy Pacific Vic Pty Ltd,21.0,37.8
TARALGA1,Energy Pacific Vic Pty Ltd,21.0,42
TARONG#1,Stanwell Corporation Limited,1.0,350
TARONG#2,Stanwell Corporation Limited,1.0,350
TARONG#3,Stanwell Corporation Limited,1.0,350
TARONG#4,Stanwell Corporation Limited,1.0,350
TARBESS1,Stanwell Corporation Limited,1.0,300
TNPS1,Stanwell Corporation Limited,1.0,450
, RES Australia Pty Ltd,97.0,436.5
TARRALEA,Hydro-Electric Corporation,6.0,90
,HYDROTAS,2.0,200
,Global Power Generation Australia Pty Ltd,1.0,200
,AGL Energy Limited,1.0,500.00 - 600.00
TATIARA1,Vibe Energy Pty Ltd,1.0,0.5
TATURA01,Diamond Energy Pty Ltd,1.0,1.1
,Neoen Australia Pty Ltd,88.0,350.24
,Neoen Australia Pty Ltd,74.0,599.99
,ATMOS DEVELOPMENTS PTY LTD,1.0,400
,BORAL,1.0,200
,ZEN Energy Future Pty Ltd,1.0,111
,Enerparc Australia Pty Ltd,7.0,29.4
TRGBESS,frv_NR,38.0,99.94 - 144.40
, Neoen Australia Pty Ltd,1.0,0.50 - 200.00
,Samsung C&T Renewable Energy Australia Pty Ltd,1.0,300
,ACEnergy Pty Ltd,180.0,648
THEDROP1,Pacific Hydro Investments Pty Ltd,1.0,2.5
,Engie,1.0,400
,The Solar River Project Pty Ltd,1.0,200
,The Solar River Project Pty Ltd,1.0,200
,Theodore SF Pty Ltd as trustee for Theodore SF Trust  ,28.0,70
,RWE Renewables Australia,160.0,992
,Ausnet Transmission Group Pty Ltd,1.0,300
,Iberdrola Australia Development Pty Ltd.,1.0,1200
,Iberdrola Australia Development Pty Ltd.,1.0,1200
, Neoen Australia Pty Ltd,1.0,5.00 - 210.00
TITREE,Ti Tree Bioenergy,1.0,1.2
TITREE,Ti Tree Bioenergy,3.0,3.3
,European Energy Australia P/L,1.0,550
,European Energy Australia P/L,1.0,550
TieriBESS1,FRV Service Australia Pty Ltd,24.0,103.2
,Enerparc Australia Pty Ltd,152.0,248.82
TIMWEST,Timboon West Wind Farm Pty Ltd,2.0,7.2
,StorEnergy 2 Pty Ltd,1.0,400
,AGL,1.0,500
,Tetris Energy,1.0,25
,Tetris Energy,1.0,15
,Tetris Energy,1.0,15
TOORAWF,Ratch Australia,12.0,21
TORRB1,AGL SA Generation Pty Limited ,1.0,200
TORRB2,AGL SA Generation Pty Limited ,1.0,200
TORRB3,AGL SA Generation Pty Limited ,1.0,200
TORRB4,AGL SA Generation Pty Limited ,1.0,200
TIB1,TIPSCO,109.0,250.7
TOWER,EDL CSM NSW Pty Ltd,40.0,41.2
YABULU,RATCH-Australia,1.0,160
YABULU2,RATCH-Australia,1.0,84
,Eku Energy Projects (Australia) Pty Ltd as trustee for the Eku Energy Projects Australia Trust,1.0,300
TGNSS1,NovaPower Pty Ltd,1.0,10
TREVALLN,Hydro-Electric Corporation,2.0,40
TREVALLN,Hydro-Electric Corporation,2.0,53
,Triabunna Wind Pty Ltd,4.0,16.00 - 32.00
TRIBUTE,Hydro-Electric Corporation,1.0,82.8
,Hydro-Electric Corporation,4.0,750
,Tuckeroo BESS Pty Ltd,1.0,500
,RWE Renewables Australia Pty Ltd,1.0,200
TULLYSM1,Tully Sugar Limited,1.0,32
,Elements Green Australia Pty Ltd,1.0,500
,Elements Green Australia Pty Ltd,1.0,500
,Austraiian Solar,1.0,295
,Austraiian Solar,1.0,464
TUMUT3,Snowy Hydro Ltd,6.0,1500
TUNGATIN,Hydro-Electric Corporation,5.0,125
,European Energy Australia P/L,1.0,400
,European Energy Australia P/L,1.0,400
ULBESS,Ulinda Park ProjectCo Pty Ltd,52.0,154.96
,OceanEx Energy,1.0,2000
,European Energy S/A,1.0,291
,Maizewood Pty Ltd.,200.0,400
,Upper Hunter Energy Park Pty Ltd,5.0,10
,Upper Hunter Energy Park Pty Ltd,18.0,75.6
UPPTUMUT,Snowy Hydro Ltd,4.0,288
UPPTUMUT,Snowy Hydro Ltd,4.0,328
URANQ11,Origin Energy Uranquinty Power Pty Ltd,1.0,173
URANQ12,Origin Energy Uranquinty Power Pty Ltd,1.0,173
URANQ13,Origin Energy Uranquinty Power Pty Ltd,1.0,173
URANQ14,Origin Energy Uranquinty Power Pty Ltd,1.0,173
,Squadron Energy Services Pty Ltd,1.0,400
,Uungula Wind Farm Pty Ltd,69.0,414
VALDORA1,Diamond Energy Pty Ltd,1.0,15
VP5,Delta Electricity,1.0,660
VP6,Delta Electricity,1.0,660
,Delta Electricity,1.0,55
,ACEN Renewables,1.0,148
,ACEN Renewables,1.0,319
,ACEN Renewables,1.0,452
VPGS1,Snowy Hydro Ltd,1.0,50
VPGS2,Snowy Hydro Ltd,1.0,50
VPGS3,Snowy Hydro Ltd,1.0,50
VPGS4,Snowy Hydro Ltd,1.0,50
VPGS5,Snowy Hydro Ltd,1.0,50
VPGS6,Snowy Hydro Ltd,1.0,50
, Vast Solar 1 Pty Ltd,1.0,34
,Wilmar Sugar (Herbet) Pty Ltd,1.0,5
,Wilmar Sugar (Herbet) Pty Ltd,1.0,19
VBB1,Victorian Big Battery Pty Ltd,1.0,300
,Global Power Generation Australia Pty Ltd,1.0,200
,ZEN Energy Future Pty Ltd,1.0,105
,Ib vogt Development Australia Pty Ltd,42.0,120.12
WAGGNSF1,Wagga Wagga Operationsco Pty Ltd as trustree for Wagga Wagga Operations Trust,12.0,19.64
WAGGNSF1,Wagga Wagga Operationsco Pty Ltd as trustree for Wagga Wagga Operations Trust,22.0,36.01
, Wagga Wagga Operationsco Pty Ltd as trustee for the Wagga Wagga Operations Trust,1.0,15
,Tetris Energy,1.0,415
WLWLSF1,FRV Australia (Walla Walla Asset Co Pty Ltd (ACN 634 728 868) as trustee for the Walla Walla Asset Trust),48.0,151.97
WLWLSF2,FRV Australia (Walla Walla Asset Co Pty Ltd (ACN 634 728 868) as trustee for the Walla Walla Asset Trust),48.0,151.97
,North Harbour Clean Energy P/L,200.0,400
,New Energy development and Univergy Solar Joint venture (SPV) Wallaroo Solar Farm Pty Ltd,36.0,122.4
,Greenspot Wallerawang Pty Ltd as trustee for the Greenspot Wallerawang Unit Trust,1.0,1.00 - 300.00
WALGRV1,TransGrid,1.0,50
, Cubico Sustainable Investments Australia Pty Ltd,1.0,252
, Cubico Sustainable Investments Australia Pty Ltd,1.0,248
,RTB Renewables Pty Ltd,1.0,630
WANDB1,Vena Evergy,1.0,100
WANDSF1,Vena Evergy,1.0,160
,TBSOL,1.0,240
WTAHB1,Munmorah Battery ProjectCo Pty Ltd,288.0,850.18
,WestWind Energy Pty Ltd,200.0,1240.00 - 1500.00
,AE Solar 6 Pty Ltd as Trustee for AE Solar 6 Unit Trust,1.0,240
WARWSF1,The University of Queensland,8.0,32.1
WARWSF2,The University of Queensland,8.0,32.1
WATERLWF,Waterloo Windfarm Pty Ltd,6.0,19.8
WATERLWF,Waterloo Windfarm Pty Ltd,37.0,111
,RES Australia Pty Ltd,1.0,376
,Wattle Creek Energy Hub P/L,1.0,350
,Wattle Creek Energy Hub P/L,1.0,265
,Wattle Creek Energy Hub P/L,1.0,100
WPWF,Infrastructure Capital Group,55.0,90.75
WAUBRAWF,Pyrenees Wind Energy Developments,15.0,22.5
WAUBRAWF,Pyrenees Wind Energy Developments,51.0,76.5
WAUBRAWF,Pyrenees Wind Energy Developments,62.0,93
,Acciona Energy Australia Global,1.0,200
,Weasel Solar Farm P/L,40.0,144
,Weasel Solar Farm P/L,34.0,144.16
,Tetris Energy,1.0,350
,Hydrostor Australia Holdings P/L,4.0,500
,AMPYR Australia Pty Ltd,1.0,200
, Lightsource Development Services Australia Pty Ltd,1.0,500
,AGL Hydro Partnership,300.0,198.00 - 300.00
WELNSF1,Wellington North Solar Farm Pty Ltd,104.0,436.8
WELLSF1,Lightsource Australia SPV 4 Pty Ltd,132.0,216.08
WEMENSF1,Wemen Asset Co Pty Ltd as Trustee to Wemen Solar Unit Trust,39.0,97.5
WESTILL1,Western Suburbs Leagues Club,2.0,1.43
WKIEWA1,AGL Hydro Partnership,2.0,34
WKIEWA2,AGL Hydro Partnership,2.0,34
,West Mokoan Solar Farm,60.0,159.96
,West Mokoan Solar Farm,112.0,400.4
,Mint Renewables,65.0,468
,Lightsource BP,1.0,50
WSTWYSF1,West Wyalong Fund Pty Ltd,29.0,105.27
WDBESS1,Western Downs BESS Pty Ltd as trustee for Western Downs BESS Trust,140.0,254.94
, PowerGen P51 Pty Ltd,1.0,207
WDGPH1,Western Downs Green Power Hub Pty Ltd,167.0,399.97
,ARK Energy Corporation Pty Ltd,12.0,36.92 - 50.40
, Western Sydney Energy & Resource Recovery Centre ,1.0,58
,Zen Energy Retail Pty Ltd,1.0,1000
,West Coast Renewables Energy Pty Ltd,40.0,288
WRSF1,White Rock Wind Farm Pty Ltd,8.0,20
WRWF1,CECEP Wind Power Australia Pty Ltd,70.0,175
,White Rock Wind Farm Pty Ltd,47.0,211.50 - 352.50
WHITSF1,Whitsunday Solar Farm Pty Ltd,23.0,57.5
WHIT1,LMS Energy Pty Ltd,1.0,0.5
,Adani,1.0,140
, BESS Kalkallo Pty Ltd,1.0,100
WILGAPK,Santos,2.0,6
WILGAPK,Santos,4.0,4
WILGB01,Santos,2.0,6
,Wind Prospect WA Pty Ltd,59.0,354
,X-Elio Willavale Park Trust,1.0,300
,X-Elio Australia Pty Ltd,1.0,50
WILLHOV1,Pacific Hydro Investments Pty Ltd,1.0,1.8
,EKU Energy,1.0,250
WGWF1,Willogoleche Power Pty Ltd,7.0,24.01
WGWF1,Willogoleche Power Pty Ltd,25.0,95.75
,Elgin Energy Pty Ltd,1.0,200
,BayWA r.e Projects Australia Pty Ltd,1.0,100
, Wimmera Plains Energy Facility Pty Ltd,52.0,312
, APA Power Holdings Pty Ltd,1.0,220
WHILL1,Ratch Australia,20.0,12
WINGF1_1,EDL LFG SA Pty Ltd,4.0,4.1
WINGF2_1,EDL LFG SA Pty Ltd,4.0,4.1
,WinterbourneWind Pty Ltd,118.0,731.6
,AE BESS 10 as Trustee for AE BESS 10 Unit Trust,1.0,120
,Lochard Energy,1.0,200
,Lochard Energy,1.0,200
WINTSF1,Winton Asset Co. Pty Ltd as Trustee of the Winton Asset Trust,1.0,85
W/HOE#1,CleanCo Queensland Limited,1.0,285
W/HOE#2,CleanCo Queensland Limited,1.0,285
,IBERDROLA AUSTRALIA DEVELOPMENT PTY LIMITED,1.0,250
,Wodonga Solar Power ,19.0,76
,Wollar Solar Finance Pty Ltd.,150.0,300
WOLARSF1,Wollar Solar Development Pty Ltd,1.0,280
WOLLERT1,LMS Energy Pty Ltd,7.0,7.86
, APA Power Holdings Pty Ltd,1.0,600
,Wind Projects Australia Project 1 Pty Ltd,3.0,12.00 - 24.00
,Eku Energy Projects (Australia) as trustee for the Eku Energy Projects (Australia) Trust,1.0,300
WONWP,Vision Super Pty Ltd,6.0,12
,Wooderson Solar Development Company Pty Ltd,82.0,450.18
, Risen Energy (Australia) Pty Ltd ,1.0,250
WDLNGN01,Veolia Environmental Services Aust P/L,7.0,7.46
WOODLWN1,Woodlawn Wind Pty Ltd,23.0,48.3
,AGL Energy Limited,1.0,500
,Private Energy Partners,1.0,528
,Private Energy Partners,1.0,528
WOOLNTH1,Woolnorth Wind Farm Finance Pty Ltd,6.0,10.5
WOOLNTH1,Woolnorth Wind Farm Finance Pty Ltd,25.0,75
WOOLNTH1,Woolnorth Wind Farm Finance Pty Ltd,30.0,52.5
,Woolooga BESS Fund Pty Limited as trustee for the Woolooga BESS Trust,1.0,277
,Elements Green Australia Pty Ltd,1.0,400
WOOLGSF1,Woolooga Fund Pty Ltd,89.0,222.5
,Woolsthorpe Wind Farm Pty Ltd,12.0,72
,Lightsource BP,1.0,750
,EnergyAustralia Holdings Limited,1.0,350
,ARK Energy Corporation Pty Ltd,52.0,322.4
WUNUSF1,Sun Spot 3 Pty Ltd,34.0,93.5
,Wurdong ProjectCo Pty Ltd,92.0,404.8
WYASF1,Wyalong Solar Farm Pty Ltd as the trustee for the Wyalong Solar Farm Unit Trust,38.0,62.32
WYANGALA,Hydro Power Pty Ltd,1.0,20
WYANGALB,AGL,1.0,4
,The Trustee for X-ELIO SIXTEEN MILE TRUST,1.0,350
,Yabulu BESS Pty Ltd,1.0,2.4
,Yabulu Solar Farm Pty Ltd,1.0,4.2
,Yabulu South BESS Pty Ltd,1.0,200
,Photon Energy Group,32.0,192
YWPS1,EnergyAustralia Yallourn Pty Ltd,1.0,350
YWPS2,EnergyAustralia Yallourn Pty Ltd,1.0,350
YWPS3,EnergyAustralia Yallourn Pty Ltd,1.0,375
YWPS4,EnergyAustralia Yallourn Pty Ltd,1.0,375
YSWF1,Pacific Hydro Yaloak South Pty Ltd,14.0,28.7
,Tetris Energy,1.0,100
,Tetris Energy,1.0,200
YAMBUKWF,Energy Pacific Vic Pty Ltd,20.0,30
,Acenergy Pty Ltd,88.0,249.92
,Yanco Delta Wind Farm Pty Ltd,208.0,1497.6
,Origin Energy,1.0,60
,Origin Energy,161.0,584.43
YARANSF1,Yarranlea Solar Pty Ltd,44.0,121
YWNGAHYD,AGL Hydro Partnership,2.0,9.5
YARWUN_1,RTA Yarwun Pty Ltd,1.0,180
YATSF1,Yatpool Sun Farm Pty Ltd,16.0,44
YATSF1,Yatpool Sun Farm Pty Ltd,20.0,50
YAWWF1,Yawong Wind Farm Pty Ltd,2.0,7.2
,Elgin Energy,1.0,200
,Elgin Energy,1.0,200
YENDWF1,Northleaf /InfraRed/Macquarie Capital,38.0,144.4
,Yoorndoo Ilga Solar Pty Ltd,1.0,250
,Yorke Peninsula Wind Farm Project Pty Ltd,104.0,624.00 - 748.80
,Tetris Energy,1.0,95
,Tetris Energy,1.0,302
,,,
,,,
,,,
,,,
,,,
